<?xml version="1.0" encoding="UTF-8"?>

<!--

    DO NOT ALTER OR REMOVE COPYRIGHT NOTICES OR THIS HEADER.

    Copyright (c) 1997-2010 Oracle and/or its affiliates. All rights reserved.

    The contents of this file are subject to the terms of either the GNU
    General Public License Version 2 only ("GPL") or the Common Development
    and Distribution License("CDDL") (collectively, the "License").  You
    may not use this file except in compliance with the License.  You can
    obtain a copy of the License at
    https://glassfish.dev.java.net/public/CDDL+GPL_1_1.html
    or packager/legal/LICENSE.txt.  See the License for the specific
    language governing permissions and limitations under the License.

    When distributing the software, include this License Header Notice in each
    file and include the License file at packager/legal/LICENSE.txt.

    GPL Classpath Exception:
    Oracle designates this particular file as subject to the "Classpath"
    exception as provided by Oracle in the GPL Version 2 section of the License
    file that accompanied this code.

    Modifications:
    If applicable, add the following below the License Header, with the fields
    enclosed by brackets [] replaced by your own identifying information:
    "Portions Copyright [year] [name of copyright owner]"

    Contributor(s):
    If you wish your version of this file to be governed by only the CDDL or
    only the GPL Version 2, indicate your decision by adding "[Contributor]
    elects to include this software in this distribution under the [CDDL or GPL
    Version 2] license."  If you don't indicate a single choice of license, a
    recipient has the option to distribute your version of this file under
    either the CDDL, the GPL Version 2 or to extend the choice of license to
    its licensees as provided above.  However, if you add GPL Version 2 code
    and therefore, elected the GPL Version 2 license, then the option applies
    only if the new code is made subject to such option by the copyright
    holder.

-->

<project name="JSF Maven" basedir=".">

    <property name="current.dir" value="${jsf.build.home}/common/ant"/>
    <property environment="myenv"/>
    <property name="mvn.home" value="${myenv.M2_HOME}"/>

    <!-- ======================== SNAPSHOT ============================ -->

    <macrodef name="mvn.deploy.snapshot.local">
        <attribute name="type"/>
        <sequential>
            <do.mvn type="@{type}" goal="install" version="${snapshot.version}"/>
        </sequential>
    </macrodef>

    <macrodef name="mvn.deploy.snapshot">
        <attribute name="type"/>
        <sequential>
            <sequential>
                <do.mvn type="@{type}" goal="deploy" version="${snapshot.version}"/>
            </sequential>
        </sequential>
    </macrodef>

    <!-- ======================== PROMOTED BUILD =========================== -->

    <macrodef name="mvn.deploy.promoted.local">
        <attribute name="type"/>
        <sequential>
            <do.mvn type="@{type}" goal="install" version="${impl.version.number}-${build.number}"/>
        </sequential>
    </macrodef>

    <macrodef name="mvn.deploy.promoted">
        <attribute name="type"/>
        <sequential>
            <do.mvn type="@{type}" goal="deploy" version="${impl.version.number}-${build.number}"/>
        </sequential>
    </macrodef>

    <!-- ========================= RELEASE BUILD =========================== -->

    <macrodef name="mvn.deploy.release.local">
        <attribute name="type"/>
        <attribute name="groupId" default="${groupId}"/>
        <attribute name="version" default="${impl.version.number}"/>
        <sequential>
            <do.mvn type="@{type}" groupId="@{groupId}" goal="install" version="@{version}"/>
        </sequential>
    </macrodef>

    <macrodef name="mvn.deploy.release">
        <attribute name="type"/>
        <attribute name="groupId" default="${groupId}"/>
        <attribute name="version" default="${impl.version.number}"/>
        <sequential>
            <do.mvn type="@{type}" groupId="@{groupId}" goal="deploy" version="@{version}"/>
        </sequential>
    </macrodef>

    <!-- ============================== HELPER MACROS ====================== -->

    <macrodef name="create.pom">
        <attribute name="template.file"/>
        <attribute name="output.file"/>
        <attribute name="version"/>
        <attribute name="groupId" default="${groupId}"/>
        <sequential>
            <copy file="@{template.file}" tofile="@{output.file}"/>
            <replace file="@{output.file}"
                     token="@version@"
                     value="@{version}"/>
            <replace file="@{output.file}"
                     token="@groupId@"
                     value="@{groupId}"/>
        </sequential>
    </macrodef>

    <macrodef name="do.mvn">
        <attribute name="type"/>
        <attribute name="version"/>
        <attribute name="goal"/>
        <attribute name="groupId" default="${groupId}"/>
        <sequential>
            <if>
                <equals arg1="@{type}" arg2="api"/>
                <then>
                    <create.pom
                          template.file="${current.dir}/template/jsf-api-pom-template.xml"
                          output.file="${mvn.api.dir}/jsf-api-pom.xml"
                          version="@{version}"
                          groupId="@{groupId}"/>
                    <mkdir dir="${mvn.api.dir}/target/classes"/>
                    <mkdir dir="${mvn.api.dir}/src/main/java"/>
                    <copy overwrite="true" 
                          todir="${mvn.api.dir}/src/main/java">
                      <fileset dir="${api.dir}/doc">
                        <include name="*.png" />
                        <include name="*.xsd" />
                        <include name="*.dtd" />
                        <include name="standard-html-renderkit.xml" />
                        <exclude name="xml.xsd" />
                        <exclude name="javaee*.xsd" />
                        <exclude name="XMLSchema.dtd" />
                        <exclude name="datatypes.dtd" />
                      </fileset>
                      <fileset dir="${api.dir}/src/main/java" includes="**/*" />
                      <fileset dir="${api.dir}/build/generate/" 
                               includes="**/*" excludes="last-generation" />
                    </copy>
                    <unjar src="${api.dir}/build/lib/jsf-api.jar"
                           overwrite="yes"
                           dest="${mvn.api.dir}/target/classes"/>
                    <jsf.mvn pomFile="${mvn.api.dir}/jsf-api-pom.xml"
                             mvnSpecVersion="@{version}"
                             dir="${mvn.api.dir}"
                             goals="@{goal}"/>
                    <delete dir="${mvn.api.dir}"/>
                </then>
                <else>
                     <create.pom
                          template.file="${current.dir}/template/jsf-impl-pom-template.xml"
                          output.file="${mvn.impl.dir}/jsf-impl-pom.xml"
                          version="@{version}"/>
                    <mkdir dir="${mvn.impl.dir}/target/classes"/>
                    <mkdir dir="${mvn.impl.dir}/src/main/java"/>
                    <copy overwrite="true" 
                          todir="${mvn.impl.dir}/src/main/java">
                      <fileset dir="${impl.dir}/src/main/java" includes="**/*" />
                      <fileset dir="${impl.dir}/build/generate/" 
                               includes="**/*" excludes="last-generation,conf/**,**/*.xsd" />
                    </copy>
                    <unjar src="${impl.dir}/build/lib/jsf-impl.jar"
                           overwrite="yes"
                           dest="${mvn.impl.dir}/target/classes"/>
                    <jsf.mvn pomFile="${mvn.impl.dir}/jsf-impl-pom.xml"
                             mvnSpecVersion="@{version}"
                             dir="${mvn.impl.dir}"
                             goals="@{goal}"/>
                    <delete dir="${mvn.impl.dir}"/>
                </else>
            </if>
        </sequential>
    </macrodef>

    <macrodef name="jsf.mvn">
        <attribute name="pomFile" default="pom.xml"/>
        <attribute name="mvnSpecVersion" default="${impl.version}"/>
        <attribute name="goals"/>
        <attribute name="dir"/>
        <attribute name="skipTests" default="true"/>
        <attribute name="mvnargs" default=""/>
        <sequential>
            <if>
                <equals arg1="${mvn.home}" arg2="$${myenv.M2_HOME}"/>
                <then>
                    <if>
                        <os family="windows"/>
                        <then>
                            <property name="mvn.cmd" value="mvn.bat"/>
                        </then>
                        <else>
                            <property name="mvn.cmd" value="mvn"/>
                        </else>
                    </if>
                </then>
                <else>
                    <if>
                        <os family="windows"/>
                        <then>
                            <property name="mvn.cmd" value="${mvn.home}/bin/mvn.bat"/>
                        </then>
                        <else>
                            <property name="mvn.cmd" value="${mvn.home}/bin/mvn"/>
                        </else>
                    </if>
                </else>
            </if>


            <if>
                <!-- If maven.repo.local set, respect it -->
                <isset property="maven.repo.local"/>
                <then>
                    <property name="mvn.repo.local.prop" value="-D'maven.repo.local=${maven.repo.local}'"/>
                </then>
                <else>
                    <property name="mvn.repo.local.prop" value=""/>
                </else>
            </if>
            <if>
                <!-- If maven.m2.settings set, respect it -->
                <isset property="maven.m2.settings"/>
                <then>
                    <property name="mvn.m2.settings.prop" value="--settings ${maven.m2.settings}"/>
                </then>
                <else>
                    <property name="mvn.m2.settings.prop" value=""/>
                </else>
            </if>
            <if>
                <equals arg1="@{skipTests}" arg2="false"/>
                <then>
                    <property name="testSkipProperty" value=""/>
                </then>
                <else>
                    <property name="testSkipProperty"
                              value="-Dmaven.test.skip=true"/>
                </else>
            </if>
            <exec os="SunOS" dir="@{dir}" failonerror="yes"
                  executable="${mvn.cmd}">
                <arg line="-f @{pomFile} @{mvnargs} ${mvn.m2.settings.prop} ${testSkipProperty} ${mvn.repo.local.prop} -DmvnSpecVersion=@{mvnSpecVersion} @{goals}"/>
            </exec>
            <exec os="Linux" dir="@{dir}" failonerror="yes"
                  executable="${mvn.cmd}">
                <arg line="-f @{pomFile} @{mvnargs} ${mvn.m2.settings.prop} ${testSkipProperty} ${mvn.repo.local.prop} -DmvnSpecVersion=@{mvnSpecVersion} @{goals}"/>
            </exec>
            <exec osfamily="windows" dir="@{dir}" executable="${mvn.cmd}"
                  failonerror="yes">
                <arg line="-f @{pomFile} @{mvnargs} ${mvn.m2.settings.prop} ${testSkipProperty} ${mvn.repo.local.prop} -DmvnSpecVersion=@{mvnSpecVersion} @{goals}"/>
            </exec>
            <exec os="Mac OS X" dir="@{dir}" executable="${mvn.cmd}"
                  failonerror="yes">
                <arg line="-f @{pomFile} @{mvnargs} ${mvn.m2.settings.prop} ${testSkipProperty} ${mvn.repo.local.prop} -DmvnSpecVersion=@{mvnSpecVersion} @{goals}"/>
            </exec>
        </sequential>
    </macrodef>


</project>
