<?xml version="1.0" encoding="UTF-8"?>
<!--

    DO NOT ALTER OR REMOVE COPYRIGHT NOTICES OR THIS HEADER.

    Copyright (c) 1997-2010 Oracle and/or its affiliates. All rights reserved.

    The contents of this file are subject to the terms of either the GNU
    General Public License Version 2 only ("GPL") or the Common Development
    and Distribution License("CDDL") (collectively, the "License").  You
    may not use this file except in compliance with the License.  You can
    obtain a copy of the License at
    https://glassfish.dev.java.net/public/CDDL+GPL_1_1.html
    or packager/legal/LICENSE.txt.  See the License for the specific
    language governing permissions and limitations under the License.

    When distributing the software, include this License Header Notice in each
    file and include the License file at packager/legal/LICENSE.txt.

    GPL Classpath Exception:
    Oracle designates this particular file as subject to the "Classpath"
    exception as provided by Oracle in the GPL Version 2 section of the License
    file that accompanied this code.

    Modifications:
    If applicable, add the following below the License Header, with the fields
    enclosed by brackets [] replaced by your own identifying information:
    "Portions Copyright [year] [name of copyright owner]"

    Contributor(s):
    If you wish your version of this file to be governed by only the CDDL or
    only the GPL Version 2, indicate your decision by adding "[Contributor]
    elects to include this software in this distribution under the [CDDL or GPL
    Version 2] license."  If you don't indicate a single choice of license, a
    recipient has the option to distribute your version of this file under
    either the CDDL, the GPL Version 2 or to extend the choice of license to
    its licensees as provided above.  However, if you add GPL Version 2 code
    and therefore, elected the GPL Version 2 license, then the option applies
    only if the new code is made subject to such option by the copyright
    holder.

-->

<project name="wls-12g" basedir=".">

    <property name="wl.username" value="weblogic"/>
    <property name="wl.password" value="weblogic1"/>
    <property name="wl.home" value="${container.home}/wlserver" />
    <property name="oracle_common.modules" value="oracle_common/modules" />
    <property name="wl.modules" value="${container.home}/${oracle_common.modules}" />
    <property name="wl.domain.home" value="${container.home}/user_projects/domains" />
    <property name="wl.domain.name" value="base_domain" />
    <property name="wl.admin.server.name" value="AdminServer" />
    <property name="wl.full.version" value="12.1.1.0.0" />
    <property name="local.wls-jsf"
              value="${jsf.build.home}/common/ant/${container.name}/wls-jsf" />
    <property name="modules.staging"
              value="${local.wls-jsf}/target/${oracle_common.modules}" />

    <!-- Required Targets -->
    <macrodef name="deploy.artifact">
        <attribute name="artifact"
                   description="The WAR to deploy"/>
        <attribute name="appName"
                   description="The name of the application"/>
        <sequential>
            <echo>Instrumenting @{artifact} with weblogic.xml</echo>
            <property name="local.wls-jsf"
                  value="${jsf.build.home}/common/ant/${container.name}/wls-jsf" />
            <property name="local.wls-jsf.deploy.artifact"
                  value="${local.wls-jsf}/target/deploy.artifact" />
            <delete dir="${local.wls-jsf.deploy.artifact}" 
                    failonerror="false" />
            <mkdir dir="${local.wls-jsf.deploy.artifact}/WEB-INF/" />
            <copy file="${local.wls-jsf}/src/main/templates/weblogic.xml"
                  tofile="${local.wls-jsf.deploy.artifact}/WEB-INF/weblogic.xml"
                  filtering="true">
                <filterset>
                  <filter token="spec.version" value="${impl.version.number}"/>
                  <filter token="impl.name" value="${impl.name}"/>
                </filterset>
            </copy>
            <jar update="true" destfile="@{artifact}">
                <fileset dir="${local.wls-jsf.deploy.artifact}"
                         includes="**/*.*" />
            </jar>

            <echo>

---------------- wls - Deploying @{appName} ---------------- 
Deployment currently broken as WLS ant tasks don't appear
to be in 12g.  Deploy @{artifact} manually.

            </echo>
        </sequential>
    </macrodef>

    <macrodef name="deploydir.artifact">
        <attribute name="explodedWarDir"
                   description="The exploded war directory to deploy"/>
        <attribute name="appName"
                   description="The name of the application"/>
        <sequential>
            <echo>Instrumenting @{explodedWarDir} with weblogic.xml</echo>
            <copy file="${local.wls-jsf}/src/main/templates/weblogic.xml"
                  tofile="@{explodedWarDir}/WEB-INF/weblogic.xml"
                  filtering="true">
                <filterset>
                  <filter token="spec.version" value="${impl.version.number}"/>
                  <filter token="impl.name" value="${impl.name}"/>
                </filterset>
            </copy>
            <echo>

--------- wls - Deploying @{appName} from @{explodedWarDir} ---------------- 
Deployment currently broken as WLS ant tasks don't appear
to be in 12g.  Deploy @{explodedWarDir} as @{appName} manually.

            </echo>
      </sequential>

    </macrodef>


    <macrodef name="undeploy.artifact">
        <attribute name="artifact"
                   description="The WAR to deploy"/>
        <attribute name="appName"
                   description="The name of the application"/>
        <sequential>
            <echo>

---------------- wls - Undeploying @{appName} ---------------- 
Undeployment currently broken as WLS ant tasks don't appear
to be in 12g.  Undeploy @{appName} manually.

            </echo>
        </sequential>
    </macrodef>

    <target name="config.container">
    </target>

    <!-- Require target to display information about the build environment -->
    <target name="props">
        <echo message="PENDING - Please add a message"/>
        <echo message="container.home->${container.home}" />
        <echo message="javaee.jar->${container.home}/lib/javaee.jar" />
    </target>

    <target name="update.impl.manifest">
        <echo message="PENDING - Please implement"/>
    </target>

    <target name="define.wls.properties">
      <echo message="container.host ${container.host}" />
      <property name="wls.jsf.di.groupId" value="com/bea/faces" />
      <property name="wls.jsf.di.artifactId" value="wls.jsf.di" />
      <property name="wls.jsf.di.version" value="2.0.4" />
      <property name="wls.jsf.di.path" value="${wls.jsf.di.groupId}/${wls.jsf.di.artifactId}/${wls.jsf.di.version}" />
      <property name="wls.jsf.di.jar" value="${wls.jsf.di.path}/${wls.jsf.di.artifactId}-${wls.jsf.di.version}.jar" />
      <property name="wls.jsf.di.url" value="http://hg.us.oracle.com/jsf/website/raw-file/43f22fe82eca/downloads/wls.jsf.di-2.0.4.jar"/>

      <propertyregex override="true"
                   property="groupPath" input="${groupId}"
                   regexp="\." replace="/" global="true" />

      <propertyregex override="true"
                   property="impl.version.number.dashes" 
                   input="${impl.version.number}"
                   regexp="\." replace="-" global="true" />

      <propertyregex override="true"
                   property="spec.version.dashes" 
                   input="${spec.version}"
                   regexp="\." replace="-" global="true" />
      <propertyregex override="true"
                   property="spec.version.no.separator" 
                   input="${spec.version}"
                   regexp="\." replace="" global="true" />
    </target>

    <target name="container.deploy" depends="define.wls.properties"
            description="Deploy the JSF Implementation artifacts to the target container.">
      <mkdir dir="${maven.repo.local}/${groupPath}/jsf-api/${impl.version}" />
      <copy file="${jsf.build.home}/jsf-api/build/lib/jsf-api.jar" overwrite="true"
            tofile="${maven.repo.local}/${groupPath}/jsf-api/${impl.version}/jsf-api-${impl.version}.jar" />
      <copy file="${jsf.build.home}/jsf-ri/build/lib/jsf-impl.jar" overwrite="true"
            tofile="${maven.repo.local}/${groupPath}/jsf-impl/${impl.version}/jsf-impl-${impl.version}.jar" />

      <if>
        <not>
          <available file="${maven.repo.local}/${wls.jsf.di.jar}" property="ignored"/>
        </not>
        <then>
          <sequential>
            <mkdir dir="${maven.repo.local}/${wls.jsf.di.path}" />
            <get src="${wls.jsf.di.url}" verbose="true"
                 usetimestamp="true"
                 dest="${maven.repo.local}/${wls.jsf.di.jar}" />
          </sequential>
        </then>
      </if>
      <jsf.mvn mvnargs="-Dimpl.version=${impl.version} -Dimpl.name=${impl.name}" 
               dir="${jsf.build.home}/common/ant/${container.name}/wls-jsf" goals="clean install" />
      <container.stop />

      <antcall target="container.undeploy" inheritall="true" />

      <echo>
================ wls preparing ${modules.staging}/glassfish.jsf_1.0.0.0_${impl.version.number.dashes}.jar
      </echo>

      <mkdir dir="${jsf.build.home}/common/ant/${container.name}/wls-jsf/target/jsf-impl-unjar" />
      <unjar overwrite="true" dest="${jsf.build.home}/common/ant/${container.name}/wls-jsf/target/jsf-impl-unjar"
             src="${jsf.build.home}/jsf-ri/build/lib/jsf-impl.jar" />
      <unjar overwrite="true" dest="${jsf.build.home}/common/ant/${container.name}/wls-jsf/target/jsf-impl-unjar"
             src="${maven.repo.local}/${wls.jsf.di.jar}" />
      <jar destfile="${modules.staging}/glassfish.jsf_1.0.0.0_${impl.version.number.dashes}.jar"
           basedir="${jsf.build.home}/common/ant/${container.name}/wls-jsf/target/jsf-impl-unjar" />
      
      <echo>
================ wls preparing ${modules.staging}/javax.jsf_1.0.0.0_${spec.version.dashes}.jar
      </echo>
      <copy file="${jsf.build.home}/jsf-api/build/lib/jsf-api.jar"
            tofile="${modules.staging}/javax.jsf_1.0.0.0_${spec.version.dashes}.jar" overwrite="true"/>

      <echo>
================ wls creating and populating ${wl.modules}/oracle.jsf_${impl.version.number}
      </echo>
      <mkdir dir="${modules.staging}/oracle.jsf_${impl.version.number}" />
      <copy todir="${modules.staging}/oracle.jsf_${impl.version.number}"
            file="${jsf.build.home}/jsf-api/build/lib/jsf-api.jar" />
      <copy todir="${modules.staging}/oracle.jsf_${impl.version.number}"
            file="${jsf.build.home}/jsf-ri/build/lib/jsf-impl.jar" />
      <copy tofile="${modules.staging}/oracle.jsf_${impl.version.number}/jsf-ri-${spec.version.no.separator}.war"
            file="${jsf.build.home}/common/ant/${container.name}/wls-jsf/target/${impl.name}-${impl.version}.war" />

      <echo>
================ wls creating ${modules.staging}/features/weblogic.server.modules.jsf${spec.version}_${wl.full.version}.jar
      </echo>
      <mkdir dir="${modules.staging}/features" />
      <jar destfile="${modules.staging}/features/weblogic.server.modules.jsf${spec.version}_${wl.full.version}.jar">
        <manifest>
          <attribute name="Implementation-Vendor" value="Oracle" />
          <attribute name="Implementation-Title" value="webLogic JSF ${spec.version} Feature Module ${wl.full.version}" />
          <attribute name="Implementation-Version" value="${wl.full.version}" />
          <attribute name="Feature-Name" value="weblogic.server.modules.jsf${spec.version}" />
          <attribute name="Class-Path" value="../glassfish.jsf_1.0.0.0_${impl.version.number.dashes}.jar ../javax.jsf_1.0.0.0_${spec.version.dashes}.jar" />
        </manifest>
      </jar>
      <echo>
================ wls creating ${modules.staging}/features/weblogic.server.modules.jsf${spec.version}_${wl.full.version}.xml
      </echo>
      <copy file="${local.wls-jsf}/src/main/templates/weblogic.server.modules.jsfSPEC_dot_VERSION_WLS_dot_FULL_dot_VERSION.xml"
                  tofile="${modules.staging}/features/weblogic.server.modules.jsf${spec.version}_${wl.full.version}.xml"
            filtering="true">
        <filterset>
          <filter token="spec.version" value="${spec.version}"/>
          <filter token="wl.full.version" value="${wl.full.version}"/>
          <filter token="impl.version.number.dashes" value="${impl.version.number.dashes}"/>
          <filter token="spec.version.dashes" value="${spec.version.dashes}"/>
        </filterset>
      </copy>

      <copy todir="${wl.modules}">
        <fileset dir="${modules.staging}">
          <include name="**/*" />
        </fileset>
      </copy>
    </target>

    <target name="container.undeploy" depends="define.wls.properties"
            description="Undeploy the JSF Implementation artifacts from the target container.">
     
      <echo>
================ wls removing all other versions of Mojarra from wls
      </echo>
      <delete verbose="true" failonerror="false" includeemptydirs="true">
        <fileset dir="${wl.modules}">
          <include name="glassfish.jsf*" />
          <include name="javax.jsf*" />
          <include name="oracle.jsf_**/*" />
          <include name="oracle.jsf_*" />
          <include name="features/weblogic.server.modules.jsf*" />
        </fileset>
      </delete>
    </target>

    <target name="container.deploy.test.dependencies"
            description="Deploy any container level dependencies to the container.">
    </target>

    <target name="container.undeploy.test.dependencies"
            description="Undeploy any container level dependencies from the container.">
    </target>

    <target name="container.start"
            description="Start the wls container">
        <container.start />
    </target>

    <target name="container.debug"
            description="Start the GlassFish container in debug mode">
        <container.debug create-domain="${create-domain-value}"
                         create-cluster="${create-cluster-value}"/>
    </target>

    <target name="container.stop"
            description="Stop the GlassFish container">
        <var name="create-domain-value" value="true" />
        <var name="create-cluster-value" value="true" />
        <if>
          <equals arg1="${create-domain}" 
                  casesensitive="false" trim="true"
                  arg2="false" />
          <then>
            <var name="create-domain-value" value="false" />
          </then>
        </if>
        <if>
          <equals arg1="${create-cluster}" 
                  casesensitive="false" trim="true"
                  arg2="false" />
          <then>
            <var name="create-cluster-value" value="false" />
          </then>
        </if>
        <echo>
--------- Stopping container, create-domain: ${create-domain-value} create-cluster: ${create-cluster-value}
        </echo>
        <container.stop create-domain="${create-domain-value}"
                        create-cluster="${create-cluster-value}"/>
    </target>

    <target name="container.restart"
            description="Stop the GlassFish container">
        <container.stop/>
        <container.start/>
    </target>

    <target name="define.scenario.aware.port">
      <property name="scenario.aware.port" value="${container.port}" />
      <echo message="scenario.aware.port = ${scenario.aware.port}" />

      <var name="force.no.cluster" value="true" />
      <echo message="force.no.cluster = ${force.no.cluster}" />
    </target>

    <target name="define.virtual-server.aware.port">
      <property name="scenario.aware.port" value="${container.port}" />
      <echo message="scenario.aware.port = ${scenario.aware.port}" />

      <var name="force.no.cluster" value="true" />
      <echo message="force.no.cluster = ${force.no.cluster}" />
    </target>


    <macrodef name="container.start"
            description="Start the wls container">
        <sequential>
          <echo>Starting ${container.name}
Starting currently broken as WLS ant tasks don't appear
to be in 12g.  Start wls manually.
          </echo>
        </sequential>
    </macrodef>

    <macrodef name="container.debug"
            description="Start the wls container in debug mode">
      <sequential>
        <echo message="This macro is not supported for Mojarra in wls" />
      </sequential>
    </macrodef>


    <macrodef name="container.stop"
            description="Stop the WLS container">
        <sequential>
          <echo>Stopping ${container.name}
Starting currently broken as WLS ant tasks don't appear
to be in 12g.  Start wls manually.
          </echo>
        </sequential>
    </macrodef>

    <!-- ************ Compiler Defaults *************************************** -->


    <!-- ************ Executable Targets ************************************** -->

    <target name="main">
    </target>

    <target name="edburns">

    <propertyregex override="true"
                   property="groupPath" input="${groupId}"
                   regexp="\." replace="/" global="true" />
<echo>${groupId} ${groupPath}</echo>
    </target>

</project>

